id,first_name,last_name,phone_number,city,age
1,Artemus,Goly,+58 120 317 6248,El Dividive,14
2,Bartie,Perri,+52 193 333 8926,Emiliano Zapata,67
3,Ad,Meeks,+351 900 758 6729,Portel,55
4,Mavra,Girardy,+62 404 808 2929,Purwa,47
5,Emmy,Gooda,+244 238 883 8717,Cabinda,21
6,Thaine,Marcone,+60 826 151 0081,Melaka,30
7,Jeannine,Rizzone,+48 453 334 2168,Dziadkowice,46
8,Brew,Matejic,+352 242 234 0679,Lamadelaine,50
9,Rabi,Myderscough,+7 527 842 8523,Perelyub,60
10,Ramonda,Cornbill,+60 216 612 1386,Pulau Pinang,44
11,Del,Minichi,+52 215 956 0435,San Francisco,65
12,Melinde,Grummitt,+46 538 337 3577,Tyringe,66
13,Aristotle,Anwyl,+351 422 688 8211,Vale Boeiro,14
14,Iain,Jobe,+380 552 643 4932,Velyka Oleksandrivka,29
15,Amalea,Paulo,+86 734 377 5115,Fengcheng,61
16,Kirbee,Ibanez,+62 735 698 7321,Sokobanteng,43
17,Eadmund,Perche,+57 930 772 4634,Carepa,61
18,Dorey,Milesap,+86 231 812 9098,Nantian,20
19,Lissy,Limon,+420 822 724 3692,Jaroměř,57
20,Samson,Seedman,+380 226 157 5120,Kivertsi,21
21,Blanca,Slateford,+62 542 384 9584,Babakanbungur,69
22,Brew,Vaney,+7 924 397 3244,Kurchaloy,28
23,Silvie,Faire,+63 341 159 8996,Tugdan,69
24,Pietrek,Gittings,+420 977 561 3812,Seč,61
25,Ursula,Jahnke,+84 865 530 7459,Văn Giang,18
26,Karlens,Spurgeon,+55 889 905 3607,Bom Jesus da Lapa,22
27,Juan,Gilbody,+62 492 734 1791,Mungkin,39
28,Clarey,O'Ferris,+63 625 719 2599,Tacurong,67
29,Carita,Waterstone,+220 798 797 8174,Karantaba,46
30,Victoria,Cardoo,+62 723 743 8083,Muting,49
31,Dori,Douse,+7 867 924 5536,Yasnyy,16
32,Regan,Lingley,+263 790 440 1937,Masvingo,28
33,Ealasaid,Larose,+420 763 607 9695,Petřvald,65
34,Ariel,Latimer,+86 218 928 2386,Yueshan,33
35,Anjanette,Bindley,+86 391 526 1612,Shimen,64
36,Leonelle,Zeplin,+62 379 693 5281,Keroak,47
37,Doralynne,Christy,+27 112 907 6423,Paulpietersburg,16
38,Delainey,Hamshar,+1 450 109 8887,Walnut Grove,32
39,Hallie,A'field,+86 801 536 5155,Shihuang,57
40,Vivyanne,Joinson,+62 476 761 1066,Atap,33
41,Jilleen,Caldaro,+357 722 777 8814,Dhali,34
42,Rex,Keitley,+86 358 366 1944,Gelin,45
43,Patrice,Brodeur,+48 327 512 9336,Narol,60
44,Ardyce,Secretan,+86 881 452 0536,Xuanhuadian,64
45,Ranice,Hynard,+86 844 318 0430,Jiaxing,48
46,Marlo,Cordingley,+7 487 368 3502,Svetlograd,47
47,Claudine,Husthwaite,+504 356 132 1250,"Las Vegas, Santa Barbara",43
48,Aubert,Chater,+86 224 372 8834,Wanghu,25
49,Elva,Bidder,+1 812 607 1555,Evansville,42
50,Gaven,Antonomolii,+387 979 880 8162,Srebrenik,62
51,Gerhard,Bridges,+63 195 889 8829,Danao,62
52,Brana,Pecha,+996 907 850 3925,Cholpon-Ata,40
53,Jerrylee,Crook,+62 129 148 6802,Balekambang,20
54,Dollie,Capelle,+222 532 586 9870,Kaédi,69
55,Averil,Carrabott,+98 721 535 8412,Aleshtar,57
56,Eimile,Engel,+86 394 439 1251,Jinjiang,41
57,Willie,Gransden,+1 282 940 6838,Macklin,43
58,Wanda,Postill,+63 437 451 2697,Liloan,62
59,Mirabelle,Gerriets,+63 681 953 5060,Sillon,64
60,Grantham,Hurdman,+81 601 148 3940,Furudate,29
61,Tierney,Lamborn,+86 223 918 4196,Shazi,36
62,Terence,Huskinson,+212 967 823 1295,Adassil,43
63,Cchaddie,McNeice,+48 172 946 2568,Czechowice-Dziedzice,57
64,Marne,Amberson,+62 365 194 8364,Sukoreno,54
65,Kacey,Spawton,+86 176 770 6596,Leiwang,49
66,Kennett,Leon,+380 219 927 3587,Kalanchak,35
67,Humphrey,Novill,+63 174 419 5209,Jagna,44
68,Margeaux,Wagg,+54 439 612 4759,Ciervo Petiso,48
69,Payton,Goddert.sf,+33 143 898 4735,Tarbes,34
70,Pembroke,Aubry,+972 940 372 0115,Na'ale,34
71,Dru,Domaschke,+995 244 543 6649,Shorapani,45
72,Cathryn,Goodlife,+52 519 680 0404,El Mirador,44
73,Kandy,Crane,+7 621 392 3163,Polyarnyy,65
74,Alfreda,McCowan,+86 788 334 0610,Xiacang,23
75,Evey,Boissier,+48 516 599 4140,Kawęczyn,49
76,Pru,Sturman,+66 138 303 8646,Lap Lae,32
77,Gabbey,Steutly,+7 368 145 7913,Smolenskaya,69
78,Melva,Bourke,+226 281 885 7487,Yako,34
79,Goraud,Dibble,+52 852 148 1525,Vista Hermosa,45
80,Rowena,Ion,+420 533 914 7948,Hrabyně,55
81,Callida,Prestie,+30 592 793 2160,Ymittos,25
82,Doralia,Rusbridge,+420 603 453 4727,Mnichovo Hradiště,28
83,Brook,Stokoe,+86 861 172 6784,Shuangcheng,15
84,Denyse,Fillan,+63 302 770 7961,Bilao,64
85,Valery,Chisholme,+86 123 998 7202,Qingshu,67
86,Cheston,Demongeot,+595 956 740 2061,Asunción,25
87,Brannon,Thickin,+33 649 458 2244,Boulogne-sur-Mer,60
88,Doloritas,Kynvin,+1 419 790 8817,Toledo,16
89,Dougy,Feronet,+27 476 927 8903,Elliot,21
90,Stanfield,Astman,+7 225 746 1326,Lugovskoy,38
91,Lari,Standen,+86 791 473 0987,Hezuoqiao,43
92,Brander,Paulo,+66 588 227 6273,Chulabhorn,33
93,Timmi,Ibbotson,+86 194 782 4911,Ganxi,38
94,Eden,Edmonson,+54 405 109 8175,San Roque,46
95,Leonhard,De Micoli,+7 708 253 0943,Starominskaya,61
96,Vina,Wanstall,+86 853 130 7769,Maying,52
97,Emmaline,Jolly,+225 913 799 3763,Ferkessédougou,46
98,Mella,Sherington,+7 989 667 3351,Sosnovoborsk,16
99,Patrica,Dey,+503 682 133 4222,Atiquizaya,39
100,Gayle,Attlee,+220 880 993 6547,Sun Kunda,67
